{
  "affected": {
    "defaultBase": "master"
  },
  "npmScope": "conduit",
  "tasksRunnerOptions": {
    "default": {
      "runner": "nx/tasks-runners/default",
      "options": {
        "cacheableOperations": ["build", "lint", "test", "e2e", "build-storybook"],
        "parallel": 3
      }
    }
  },
  "cli": {
    "defaultCollection": "@nx/angular"
  },
  "defaultProject": "frontend",
  "generators": {
    "@nx/angular:application": {
      "style": "css",
      "linter": "eslint",
      "unitTestRunner": "jest",
      "e2eTestRunner": "cypress"
    },
    "@nx/angular:library": {
      "linter": "eslint",
      "unitTestRunner": "jest"
    },
    "@nx/angular:component": {
      "style": "css"
    }
  },
  "targetDefaults": {
    "build": {
      "dependsOn": ["^build"],
      "inputs": ["production", "^production"]
    },
    "e2e": {
      "inputs": ["default", "^production"]
    },
    "test": {
      "inputs": ["default", "^production", "{workspaceRoot}/jest.preset.js"]
    },
    "lint": {
      "inputs": ["default", "{workspaceRoot}/.eslintrc.json"]
    },
    "build-storybook": {
      "inputs": [
        "default",
        "^production",
        "{workspaceRoot}/.storybook/**/*",
        "{projectRoot}/.storybook/**/*",
        "{projectRoot}/tsconfig.storybook.json"
      ]
    }
  },
  "namedInputs": {
    "default": ["{projectRoot}/**/*", "sharedGlobals"],
    "sharedGlobals": ["{workspaceRoot}/angular.json", "{workspaceRoot}/nx.json", "{workspaceRoot}/tsconfig.base.json"],
    "production": [
      "default",
      "!{projectRoot}/**/?(*.)+(spec|test).[jt]s?(x)?(.snap)",
      "!{projectRoot}/tsconfig.spec.json",
      "!{projectRoot}/jest.config.[jt]s",
      "!{projectRoot}/.eslintrc.json",
      "!{projectRoot}/.storybook/**/*",
      "!{projectRoot}/**/*.stories.@(js|jsx|ts|tsx|mdx)",
      "!{projectRoot}/tsconfig.storybook.json",
      "!{projectRoot}/src/test-setup.[jt]s"
    ]
  }
}
